product_name,price_raw,price,rating,source,category,scraped_at,brand,rating_filled,has_rating,is_tshirt,is_mens,is_womens,is_printed,is_plain,name_length,word_count,has_premium_keyword,has_cotton,has_fit_type,category_encoded,brand_encoded,brand_frequency
AUSK,219,219.0,3.5,Amazon India,mens printed tshirt,2026-10-10 00:15:05,AUSK,3.5,1,1,1,0,1,0,4,1,0,0,0,2,0,16
boffi ...,237,237.0,3.4,Amazon India,mens printed tshirt,2026-10-10 00:15:05,boffi,3.4,1,1,1,0,1,0,9,2,0,0,0,2,47,3
"Men's Polyester Oversize Printed T-Shirt, Color Block, Round Neck, Regular Fit, Urban Streetwear The",349,349.0,3.8,Amazon India,mens printed tshirt,2026-10-10 00:15:05,Urban,3.8,1,1,1,0,1,0,100,14,0,0,1,2,43,2
AUSK,239,239.0,3.5,Amazon India,mens printed tshirt,2026-10-10 00:15:05,AUSK,3.5,1,1,1,0,1,0,4,1,0,0,0,2,0,16
FORCE,399,399.0,2.9,Amazon India,mens printed tshirt,2026-10-10 00:15:05,FORCE,2.9,1,1,1,0,1,0,5,1,0,0,0,2,8,1
AUSK,199,199.0,3.6,Amazon India,mens printed tshirt,2026-10-10 00:15:05,AUSK,3.6,1,1,1,0,1,0,4,1,0,0,0,2,0,16
LEOTUDE,265,265.0,3.9,Amazon India,mens printed tshirt,2026-10-10 00:15:05,LEOTUDE,3.9,1,1,1,0,1,0,7,1,0,0,0,2,20,10
AUSK,244,244.0,3.6,Amazon India,mens printed tshirt,2026-10-10 00:15:05,AUSK,3.6,1,1,1,0,1,0,4,1,0,0,0,2,0,16
boffi ...,278,278.0,3.4,Amazon India,mens printed tshirt,2026-10-10 00:15:05,boffi,3.4,1,1,1,0,1,0,9,2,0,0,0,2,47,3
BULLMER,417,417.0,3.5,Amazon India,mens printed tshirt,2026-10-10 00:15:05,BULLMER,3.5,1,1,1,0,1,0,7,1,0,0,0,2,3,8
KRYPTIC,321,321.0,3.8,Amazon India,mens printed tshirt,2026-10-10 00:15:05,KRYPTIC,3.8,1,1,1,0,1,0,7,1,0,0,0,2,18,1
The Souled Store,"1,049",1049.0,4.3,Amazon India,mens printed tshirt,2026-10-10 00:15:05,The,4.3,1,1,1,0,1,0,16,3,0,0,0,2,42,5
U.S. POLO ASSN.,509,509.0,4.0,Amazon India,mens printed tshirt,2026-10-10 00:15:05,Polo,4.0,1,1,1,0,1,0,15,3,0,0,0,2,35,11
LEOTUDE,267,267.0,3.9,Amazon India,mens printed tshirt,2026-10-10 00:15:05,LEOTUDE,3.9,1,1,1,0,1,0,7,1,0,0,0,2,20,10
LEOTUDE,262,262.0,4.1,Amazon India,mens printed tshirt,2026-10-10 00:15:05,LEOTUDE,4.1,1,1,1,0,1,0,7,1,0,0,0,2,20,10
BULLMER,426,426.0,3.5,Amazon India,mens printed tshirt,2026-10-10 00:15:05,BULLMER,3.5,1,1,1,0,1,0,7,1,0,0,0,2,3,8
The Souled Store,699,699.0,4.2,Amazon India,mens printed tshirt,2026-10-10 00:15:05,The,4.2,1,1,1,0,1,0,16,3,0,0,0,2,42,5
THALASI,419,419.0,3.5,Amazon India,mens printed tshirt,2026-10-10 00:15:05,THALASI,3.5,1,1,1,0,1,0,7,1,0,0,0,2,38,1
Max,485,485.0,4.2,Amazon India,mens printed tshirt,2026-10-10 00:15:05,Max,4.2,1,1,1,0,1,0,3,1,0,0,0,2,28,10
LEOTUDE,268,268.0,4.0,Amazon India,mens printed tshirt,2026-10-10 00:15:05,LEOTUDE,4.0,1,1,1,0,1,0,7,1,0,0,0,2,20,10
BULLMER,414,414.0,3.5,Amazon India,mens printed tshirt,2026-10-10 00:15:05,BULLMER,3.5,1,1,1,0,1,0,7,1,0,0,0,2,3,8
TOPLOT,329,329.0,3.4,Amazon India,mens printed tshirt,2026-10-10 00:15:05,TOPLOT,3.4,1,1,1,0,1,0,6,1,0,0,0,2,39,1
"Men's Oversized Black Cotton T-Shirt, Tribal Graphic Print, Half Sleeve, Casual Style",299,299.0,4.1,Amazon India,mens printed tshirt,2026-10-10 00:15:05,Lee,4.1,1,1,1,0,1,0,85,12,0,1,1,2,21,9
The Souled Store,699,699.0,4.3,Amazon India,mens printed tshirt,2026-10-10 00:15:05,The,4.3,1,1,1,0,1,0,16,3,0,0,0,2,42,5
The Souled Store,"1,498",1498.0,4.2,Amazon India,mens printed tshirt,2026-10-10 00:15:05,The,4.2,1,1,1,0,1,0,16,3,0,0,0,2,42,5
BULLMER,426,426.0,3.5,Amazon India,mens round neck tshirt,2026-10-10 00:15:19,BULLMER,3.5,1,1,1,0,0,0,7,1,0,0,0,3,3,8
AUSK,184,184.0,3.3,Amazon India,mens round neck tshirt,2026-10-10 00:15:19,AUSK,3.3,1,1,1,0,0,0,4,1,0,0,0,3,0,16
Lux Cozi,249,249.0,4.0,Amazon India,mens round neck tshirt,2026-10-10 00:15:19,Lux,4.0,1,1,1,0,0,0,8,2,0,0,0,3,25,3
Trendy Printed Cotton Blend Crew Neck/Round Neck Half Sleeve Tshirt for Men,199,199.0,1.0,Amazon India,mens round neck tshirt,2026-10-10 00:15:19,Lee,1.0,1,1,1,0,0,0,75,12,0,1,0,3,21,9
BULLMER,426,426.0,3.5,Amazon India,mens round neck tshirt,2026-10-10 00:15:19,BULLMER,3.5,1,1,1,0,0,0,7,1,0,0,0,3,3,8
Max,189,189.0,4.0,Amazon India,mens round neck tshirt,2026-10-10 00:15:19,Max,4.0,1,1,1,0,0,0,3,1,0,0,0,3,28,10
Levi's,376,376.0,4.0,Amazon India,mens round neck tshirt,2026-10-10 00:15:19,Levi,4.0,1,1,1,0,0,0,6,1,0,0,0,3,22,2
U.S. POLO ASSN.,475,475.0,3.8,Amazon India,mens round neck tshirt,2026-10-10 00:15:19,Polo,3.8,1,1,1,0,0,0,15,3,0,0,0,3,35,11
Max,189,189.0,4.0,Amazon India,mens round neck tshirt,2026-10-10 00:15:19,Max,4.0,1,1,1,0,0,0,3,1,0,0,0,3,28,10
Dollar,133,133.0,2.9,Amazon India,mens round neck tshirt,2026-10-10 00:15:19,Dollar,2.9,1,1,1,0,0,0,6,1,0,0,0,3,7,1
London Hills,250,250.0,3.4,Amazon India,mens round neck tshirt,2026-10-10 00:15:19,London,3.4,1,1,1,0,0,0,12,2,0,0,0,3,23,5
U.S. POLO ASSN.,397,397.0,4.0,Amazon India,mens round neck tshirt,2026-10-10 00:15:19,Polo,4.0,1,1,1,0,0,0,15,3,0,0,0,3,35,11
SLEEPY NUTS Men's Regular Fit Round-Neck Half Sleeves Solid Casual Wear T-Shirt,944,944.0,3.8,Amazon India,mens round neck tshirt,2026-10-10 00:15:19,Lee,3.8,1,1,1,0,0,0,79,12,0,0,1,3,21,9
FTX,336,336.0,3.8,Amazon India,mens round neck tshirt,2026-10-10 00:15:19,FTX,3.8,1,1,1,0,0,0,3,1,0,0,0,3,9,2
U.S. POLO ASSN.,779,779.0,4.2,Amazon India,mens round neck tshirt,2026-10-10 00:15:19,Polo,4.2,1,1,1,0,0,0,15,3,0,0,0,3,35,11
U.S. POLO ASSN.,611,611.0,3.9,Amazon India,mens round neck tshirt,2026-10-10 00:15:19,Polo,3.9,1,1,1,0,0,0,15,3,0,0,0,3,35,11
Amazon Brand - Symbol Men's Solid Cotton T Shirt | Round Neck | Half Sleeve | Plain-Regular Fit (Ava,149,149.0,4.0,Amazon India,mens round neck tshirt,2026-10-10 00:15:19,Amazon,4.0,1,1,1,0,0,0,100,19,0,1,1,3,2,3
Van Heusen,443,443.0,4.0,Amazon India,mens round neck tshirt,2026-10-10 00:15:19,Van Heusen,4.0,1,1,1,0,0,0,10,2,0,0,0,3,44,4
DAMENSCH,589,589.0,4.1,Amazon India,mens round neck tshirt,2026-10-10 00:15:19,DAMENSCH,4.1,1,1,1,0,0,0,8,1,0,0,0,3,5,1
Scott International,299,299.0,3.7,Amazon India,mens round neck tshirt,2026-10-10 00:15:19,Scott,3.7,1,1,1,0,0,0,19,2,0,0,0,3,36,2
Jockey,579,579.0,4.2,Amazon India,mens round neck tshirt,2026-10-10 00:15:19,Jockey,4.2,1,1,1,0,0,0,6,1,0,0,0,3,15,3
Jockey,549,549.0,4.2,Amazon India,mens round neck tshirt,2026-10-10 00:15:19,Jockey,4.2,1,1,1,0,0,0,6,1,0,0,0,3,15,3
Lymio,299,299.0,5.0,Amazon India,mens round neck tshirt,2026-10-10 00:15:19,Lymio,5.0,1,1,1,0,0,0,5,1,0,0,0,3,26,2
BULLMER,299,299.0,3.7,Amazon India,mens round neck tshirt,2026-10-10 00:15:19,BULLMER,3.7,1,1,1,0,0,0,7,1,0,0,0,3,3,8
LEOTUDE,265,265.0,3.9,Amazon India,mens round neck tshirt,2026-10-10 00:15:19,LEOTUDE,3.9,1,1,1,0,0,0,7,1,0,0,0,3,20,10
AUSK,249,249.0,3.4,Amazon India,mens full sleeve tshirt,2026-10-10 00:15:48,AUSK,3.4,1,1,1,0,0,0,4,1,0,0,0,1,0,16
AUSK,213,213.0,3.4,Amazon India,mens full sleeve tshirt,2026-10-10 00:15:48,AUSK,3.4,1,1,1,0,0,0,4,1,0,0,0,1,0,16
AUSK,269,269.0,3.5,Amazon India,mens full sleeve tshirt,2026-10-10 00:15:48,AUSK,3.5,1,1,1,0,0,0,4,1,0,0,0,1,0,16
JVX,299,299.0,3.6,Amazon India,mens full sleeve tshirt,2026-10-10 00:15:48,JVX,3.6,1,1,1,0,0,0,3,1,0,0,0,1,13,3
KAJARU,269,269.0,3.8,Amazon India,mens full sleeve tshirt,2026-10-10 00:15:48,KAJARU,3.8,1,1,1,0,0,0,6,1,0,0,0,1,17,1
AUSK,219,219.0,3.4,Amazon India,mens full sleeve tshirt,2026-10-10 00:15:48,AUSK,3.4,1,1,1,0,0,0,4,1,0,0,0,1,0,16
"Mens Stylish Half Zip Tshirt, Texture Striped Casual T-Shirt for Men, Formal Collared Neck Full Slee",268,268.0,3.5,Amazon India,mens full sleeve tshirt,2026-10-10 00:15:48,Lee,3.5,1,1,1,0,0,0,100,16,0,0,0,1,21,9
LAZYCHUNKS,436,436.0,4.0,Amazon India,mens full sleeve tshirt,2026-10-10 00:15:48,LAZYCHUNKS,4.0,1,1,1,0,0,0,10,1,0,0,0,1,19,1
JVX,299,299.0,3.6,Amazon India,mens full sleeve tshirt,2026-10-10 00:15:48,JVX,3.6,1,1,1,0,0,0,3,1,0,0,0,1,13,3
U.S. POLO ASSN.,749,749.0,3.5,Amazon India,mens full sleeve tshirt,2026-10-10 00:15:48,Polo,3.5,1,1,1,0,0,0,15,3,0,0,0,1,35,11
FTX,220,220.0,4.2,Amazon India,mens full sleeve tshirt,2026-10-10 00:15:48,FTX,4.2,1,1,1,0,0,0,3,1,0,0,0,1,9,2
LEOTUDE,298,298.0,3.6,Amazon India,mens full sleeve tshirt,2026-10-10 00:15:48,LEOTUDE,3.6,1,1,1,0,0,0,7,1,0,0,0,1,20,10
Pepe Jeans,549,549.0,3.4,Amazon India,mens full sleeve tshirt,2026-10-10 00:15:48,Pepe,3.4,1,1,1,0,0,0,10,2,0,0,0,1,33,1
Urbano Fashion,274,274.0,3.8,Amazon India,mens full sleeve tshirt,2026-10-10 00:15:48,Urban,3.8,1,1,1,0,0,0,14,2,0,0,0,1,43,2
Jockey,"1,209",1209.0,4.2,Amazon India,mens full sleeve tshirt,2026-10-10 00:15:48,Jockey,4.2,1,1,1,0,0,0,6,1,0,0,0,1,15,3
Mack Jonney,265,265.0,2.8,Amazon India,mens full sleeve tshirt,2026-10-10 00:15:48,Mack,2.8,1,1,1,0,0,0,11,2,0,0,0,1,27,7
LEOTUDE,268,268.0,3.6,Amazon India,mens full sleeve tshirt,2026-10-10 00:15:48,LEOTUDE,3.6,1,1,1,0,0,0,7,1,0,0,0,1,20,10
Noble Monk,265,265.0,3.4,Amazon India,mens full sleeve tshirt,2026-10-10 00:15:48,Noble,3.4,1,1,1,0,0,0,10,2,0,0,0,1,31,1
"SLEEPY NUTS Regular fit Cotton Full Sleeve Plain T-Shirt for Men (Pack of 1,2,3 Size Small to 3XL)",944,944.0,3.8,Amazon India,mens full sleeve tshirt,2026-10-10 00:15:48,Lee,3.8,1,1,1,0,0,0,98,18,0,1,1,1,21,9
U.S. POLO ASSN.,750,750.0,3.7,Amazon India,mens full sleeve tshirt,2026-10-10 00:15:48,Polo,3.7,1,1,1,0,0,0,15,3,0,0,0,1,35,11
U.S. POLO ASSN.,731,731.0,3.7,Amazon India,mens full sleeve tshirt,2026-10-10 00:15:48,Polo,3.7,1,1,1,0,0,0,15,3,0,0,0,1,35,11
JVX,299,299.0,3.6,Amazon India,mens full sleeve tshirt,2026-10-10 00:15:48,JVX,3.6,1,1,1,0,0,0,3,1,0,0,0,1,13,3
The Souled Store,"1,299",1299.0,4.0,Amazon India,mens full sleeve tshirt,2026-10-10 00:15:48,The,4.0,1,1,1,0,0,0,16,3,0,0,0,1,42,5
Men's Regular Fit Waffle Full Sleeve Henley Tshirt|| Tshirt for Men,349,349.0,4.3,Amazon India,mens full sleeve tshirt,2026-10-10 00:15:48,Lee,4.3,1,1,1,0,0,0,67,11,0,0,1,1,21,9
Van Heusen,616,616.0,3.9,Amazon India,mens full sleeve tshirt,2026-10-10 00:15:48,Van Heusen,3.9,1,1,1,0,0,0,10,2,0,0,0,1,44,4
BULLMER,426,426.0,3.5,Amazon India,mens cotton tshirt,2026-10-10 00:15:59,BULLMER,3.5,1,1,1,0,0,0,7,1,0,0,0,0,3,8
BULLMER,414,414.0,3.5,Amazon India,mens cotton tshirt,2026-10-10 00:15:59,BULLMER,3.5,1,1,1,0,0,0,7,1,0,0,0,0,3,8
Lux Cozi,389,389.0,3.9,Amazon India,mens cotton tshirt,2026-10-10 00:15:59,Lux,3.9,1,1,1,0,0,0,8,2,0,0,0,0,25,3
Lux Cozi,259,259.0,4.0,Amazon India,mens cotton tshirt,2026-10-10 00:15:59,Lux,4.0,1,1,1,0,0,0,8,2,0,0,0,0,25,3
AUSK,199,199.0,3.6,Amazon India,mens cotton tshirt,2026-10-10 00:15:59,AUSK,3.6,1,1,1,0,0,0,4,1,0,0,0,0,0,16
Amazon Brand - Symbol Men's Cotton Rich Solid Polo Tshirt | Collar Tshirts | Half Sleeves | Plain-Re,329,329.0,3.9,Amazon India,mens cotton tshirt,2026-10-10 00:15:59,Amazon,3.9,1,1,1,0,0,0,100,18,0,1,0,0,2,3
AUSK,233,233.0,3.4,Amazon India,mens cotton tshirt,2026-10-10 00:15:59,AUSK,3.4,1,1,1,0,0,0,4,1,0,0,0,0,0,16
Louis Philippe,539,539.0,4.0,Amazon India,mens cotton tshirt,2026-10-10 00:15:59,Louis,4.0,1,1,1,0,0,0,14,2,0,0,0,0,24,2
Men's Cotton Rich Polo T-Shirt with Crest Emblem,473,473.0,3.3,Amazon India,mens cotton tshirt,2026-10-10 00:15:59,Polo,3.3,1,1,1,0,0,0,48,8,0,1,0,0,35,11
Peter England,505,505.0,4.0,Amazon India,mens cotton tshirt,2026-10-10 00:15:59,Peter,4.0,1,1,1,0,0,0,13,2,0,0,0,0,34,1
Van Heusen,524,524.0,4.0,Amazon India,mens cotton tshirt,2026-10-10 00:15:59,Van Heusen,4.0,1,1,1,0,0,0,10,2,0,0,0,0,44,4
Van Heusen,521,521.0,4.0,Amazon India,mens cotton tshirt,2026-10-10 00:15:59,Van Heusen,4.0,1,1,1,0,0,0,10,2,0,0,0,0,44,4
Allen Solly,417,417.0,4.1,Amazon India,mens cotton tshirt,2026-10-10 00:15:59,Allen,4.1,1,1,1,0,0,0,11,2,0,0,0,0,1,4
"Polo T Shirt for Man with Pocket, Polo T Shirts for Men, Summer Shirt with Collar, Half Sleeve, Cott",269,269.0,3.6,Amazon India,mens cotton tshirt,2026-10-10 00:15:59,Polo,3.6,1,1,1,0,0,0,100,19,0,0,0,0,35,11
Max,305,305.0,4.0,Amazon India,mens cotton tshirt,2026-10-10 00:15:59,Max,4.0,1,1,1,0,0,0,3,1,0,0,0,0,28,10
Lymio,349,349.0,3.6,Amazon India,mens cotton tshirt,2026-10-10 00:15:59,Lymio,3.6,1,1,1,0,0,0,5,1,0,0,0,0,26,2
Levi's,376,376.0,4.0,Amazon India,mens cotton tshirt,2026-10-10 00:15:59,Levi,4.0,1,1,1,0,0,0,6,1,0,0,0,0,22,2
Allen Solly,539,539.0,4.1,Amazon India,mens cotton tshirt,2026-10-10 00:15:59,Allen,4.1,1,1,1,0,0,0,11,2,0,0,0,0,1,4
Max,249,249.0,4.1,Amazon India,mens cotton tshirt,2026-10-10 00:15:59,Max,4.1,1,1,1,0,0,0,3,1,0,0,0,0,28,10
boffi ...,248,248.0,3.4,Amazon India,mens cotton tshirt,2026-10-10 00:15:59,boffi,3.4,1,1,1,0,0,0,9,2,0,0,0,0,47,3
Max,189,189.0,4.0,Amazon India,mens cotton tshirt,2026-10-10 00:15:59,Max,4.0,1,1,1,0,0,0,3,1,0,0,0,0,28,10
Scott International,299,299.0,3.7,Amazon India,mens cotton tshirt,2026-10-10 00:15:59,Scott,3.7,1,1,1,0,0,0,19,2,0,0,0,0,36,2
Allen Solly,529,529.0,4.1,Amazon India,mens cotton tshirt,2026-10-10 00:15:59,Allen,4.1,1,1,1,0,0,0,11,2,0,0,0,0,1,4
Louis Philippe,549,549.0,4.0,Amazon India,mens cotton tshirt,2026-10-10 00:15:59,Louis,4.0,1,1,1,0,0,0,14,2,0,0,0,0,24,2
NOBERO,378,378.0,3.8,Amazon India,mens cotton tshirt,2026-10-10 00:15:59,NOBERO,3.8,1,1,1,0,0,0,6,1,0,0,0,0,30,1
AUSK,220,220.0,3.6,Amazon India,womens printed tshirt,2026-10-10 00:16:42,AUSK,3.6,1,1,1,1,1,0,4,1,0,0,0,4,0,16
LEOTUDE,599,599.0,3.8,Amazon India,womens printed tshirt,2026-10-10 00:16:42,LEOTUDE,3.8,1,1,1,1,1,0,7,1,0,0,0,4,20,10
Max,265,265.0,4.2,Amazon India,womens printed tshirt,2026-10-10 00:16:42,Max,4.2,1,1,1,1,1,0,3,1,0,0,0,4,28,10
"Women's Typography Round Neck Cotton-Blend T-Shirts, Oversized Drop Shoulder Boho Style T-Shirt",349,349.0,3.6,Amazon India,womens printed tshirt,2026-10-10 00:16:42,Women's,3.6,1,1,1,1,1,0,95,12,0,1,1,4,45,2
Max,269,269.0,4.2,Amazon India,womens printed tshirt,2026-10-10 00:16:42,Max,4.2,1,1,1,1,1,0,3,1,0,0,0,4,28,10
AUSK,231,231.0,3.6,Amazon India,womens printed tshirt,2026-10-10 00:16:42,AUSK,3.6,1,1,1,1,1,0,4,1,0,0,0,4,0,16
AUSK,249,249.0,3.2,Amazon India,womens printed tshirt,2026-10-10 00:16:42,AUSK,3.2,1,1,1,1,1,0,4,1,0,0,0,4,0,16
London Hills,759,759.0,3.9,Amazon India,womens printed tshirt,2026-10-10 00:16:42,London,3.9,1,1,1,1,1,0,12,2,0,0,0,4,23,5
Stylish Women Graphic T-Shirt | Cotton Blend Printed Round Neck Tee | Comfortable Casual Fashion,193,193.0,,Amazon India,womens printed tshirt,2026-10-10 00:16:42,Stylish,3.9,0,1,1,1,1,0,96,15,0,1,0,4,37,1
TQH,259,259.0,3.7,Amazon India,womens printed tshirt,2026-10-10 00:16:42,TQH,3.7,1,1,1,1,1,0,3,1,0,0,0,4,40,2
Jawdrobe,289,289.0,4.0,Amazon India,womens printed tshirt,2026-10-10 00:16:42,Jawdrobe,4.0,1,1,1,1,1,0,8,1,0,0,0,4,14,1
Women's Oversized Printed Cotton T-Shirt | Bio Washed Soft Cotton | Relaxed Fit | Round Neck | Half ,399,399.0,4.4,Amazon India,womens printed tshirt,2026-10-10 00:16:42,Women's,4.4,1,1,1,1,1,0,100,18,0,1,1,4,45,2
AUSK,222,222.0,3.2,Amazon India,womens printed tshirt,2026-10-10 00:16:42,AUSK,3.2,1,1,1,1,1,0,4,1,0,0,0,4,0,16
TQH,264,264.0,3.7,Amazon India,womens printed tshirt,2026-10-10 00:16:42,TQH,3.7,1,1,1,1,1,0,3,1,0,0,0,4,40,2
Max,269,269.0,3.9,Amazon India,womens printed tshirt,2026-10-10 00:16:42,Max,3.9,1,1,1,1,1,0,3,1,0,0,0,4,28,10
London Hills,249,249.0,4.0,Amazon India,womens printed tshirt,2026-10-10 00:16:42,London,4.0,1,1,1,1,1,0,12,2,0,0,0,4,23,5
AUSK,249,249.0,3.4,Amazon India,womens printed tshirt,2026-10-10 00:16:42,AUSK,3.4,1,1,1,1,1,0,4,1,0,0,0,4,0,16
Max,269,269.0,4.0,Amazon India,womens printed tshirt,2026-10-10 00:16:42,Max,4.0,1,1,1,1,1,0,3,1,0,0,0,4,28,10
LEOTUDE,268,268.0,3.9,Amazon India,womens printed tshirt,2026-10-10 00:16:42,LEOTUDE,3.9,1,1,1,1,1,0,7,1,0,0,0,4,20,10
JUNEBERRY,319,319.0,4.0,Amazon India,womens printed tshirt,2026-10-10 00:16:42,JUNEBERRY,4.0,1,1,1,1,1,0,9,1,0,0,0,4,12,2
Women's Cotton Blend Oversized Fit Half Sleeve Printed Round Neck T-Shirt,369,369.0,3.9,Amazon India,womens printed tshirt,2026-10-10 00:16:42,Lee,3.9,1,1,1,1,1,0,73,11,0,1,1,4,21,9
Women's Cotton Blend Oversized Fit Half Sleeve Printed Round Neck T-Shirt,317,317.0,3.9,Amazon India,womens printed tshirt,2026-10-10 00:16:42,Lee,3.9,1,1,1,1,1,0,73,11,0,1,1,4,21,9
London Hills,559,559.0,3.9,Amazon India,womens printed tshirt,2026-10-10 00:16:42,London,3.9,1,1,1,1,1,0,12,2,0,0,0,4,23,5
London Hills,559,559.0,3.9,Amazon India,womens printed tshirt,2026-10-10 00:16:42,London,3.9,1,1,1,1,1,0,12,2,0,0,0,4,23,5
JUNEBERRY,332,332.0,4.1,Amazon India,womens printed tshirt,2026-10-10 00:16:42,JUNEBERRY,4.1,1,1,1,1,1,0,9,1,0,0,0,4,12,2
Mack Jonney,371,371.0,,Amazon India,womens sweatshirt,2026-10-10 00:17:40,Mack,3.9,0,1,1,1,0,0,11,2,0,0,0,5,27,7
Alan Jones Clothing,651,651.0,4.1,Amazon India,womens sweatshirt,2026-10-10 00:17:40,Jones,4.1,1,1,1,1,0,0,19,3,0,0,0,5,16,2
GAP,"1,499",1499.0,4.1,Amazon India,womens sweatshirt,2026-10-10 00:17:40,Gap,4.1,1,1,1,1,0,0,3,1,0,0,0,5,11,2
Alan Jones Clothing,684,684.0,4.1,Amazon India,womens sweatshirt,2026-10-10 00:17:40,Jones,4.1,1,1,1,1,0,0,19,3,0,0,0,5,16,2
Mack Jonney,418,418.0,,Amazon India,womens sweatshirt,2026-10-10 00:17:40,Mack,3.9,0,1,1,1,0,0,11,2,0,0,0,5,27,7
Boldfit,799,799.0,4.2,Amazon India,womens sweatshirt,2026-10-10 00:17:40,Boldfit,4.2,1,1,1,1,0,0,7,1,0,0,0,5,4,1
NETCLICK,499,499.0,4.8,Amazon India,womens sweatshirt,2026-10-10 00:17:40,NETCLICK,4.8,1,1,1,1,0,0,8,1,0,0,0,5,29,2
TAGAS,419,419.0,3.8,Amazon India,womens sweatshirt,2026-10-10 00:17:40,Tagas,3.8,1,1,1,1,0,0,5,1,0,0,0,5,41,3
Zilcon,449,449.0,5.0,Amazon India,womens sweatshirt,2026-10-10 00:17:40,Zilcon,5.0,1,1,1,1,0,0,6,1,0,0,0,5,46,1
DRAXSTAR,449,449.0,3.6,Amazon India,womens sweatshirt,2026-10-10 00:17:40,DRAXSTAR,3.6,1,1,1,1,0,0,8,1,0,0,0,5,6,1
Amazon Brand - Symbol Women's Cotton Crew Neck Sweatshirt (Available in Plus Sizes),379,379.0,4.0,Amazon India,womens sweatshirt,2026-10-10 00:17:40,Amazon,4.0,1,1,1,1,0,0,83,13,0,1,0,5,2,3
Mack Jonney,399,399.0,,Amazon India,womens sweatshirt,2026-10-10 00:17:40,Mack,3.9,0,1,1,1,0,0,11,2,0,0,0,5,27,7
Allen Solly,810,810.0,4.1,Amazon India,womens sweatshirt,2026-10-10 00:17:40,Allen,4.1,1,1,1,1,0,0,11,2,0,0,0,5,1,4
LEOTUDE,425,425.0,3.8,Amazon India,womens sweatshirt,2026-10-10 00:17:40,LEOTUDE,3.8,1,1,1,1,0,0,7,1,0,0,0,5,20,10
TAGAS,539,539.0,3.9,Amazon India,womens sweatshirt,2026-10-10 00:17:40,Tagas,3.9,1,1,1,1,0,0,5,1,0,0,0,5,41,3
Women's Oversized Fleece Sweatshirt | Round Neck | Full Sleeve | Casual Pullover Sweatshirt for Wint,587,587.0,5.0,Amazon India,womens sweatshirt,2026-10-10 00:17:40,Lee,5.0,1,1,1,1,0,0,100,16,0,0,1,5,21,9
Women's Oversized Cotton Fleece Polo Sweatshirt Collared Pullover,480,480.0,3.4,Amazon India,womens sweatshirt,2026-10-10 00:17:40,Polo,3.4,1,1,1,1,0,0,65,8,0,1,1,5,35,11
TAGAS,449,449.0,4.0,Amazon India,womens sweatshirt,2026-10-10 00:17:40,Tagas,4.0,1,1,1,1,0,0,5,1,0,0,0,5,41,3
Mack Jonney,418,418.0,,Amazon India,womens sweatshirt,2026-10-10 00:17:40,Mack,3.9,0,1,1,1,0,0,11,2,0,0,0,5,27,7
Mack Jonney,398,398.0,3.4,Amazon India,womens sweatshirt,2026-10-10 00:17:40,Mack,3.4,1,1,1,1,0,0,11,2,0,0,0,5,27,7
Mack Jonney,374,374.0,3.4,Amazon India,womens sweatshirt,2026-10-10 00:17:40,Mack,3.4,1,1,1,1,0,0,11,2,0,0,0,5,27,7
FUNKY MONKEY,629,629.0,4.0,Amazon India,womens sweatshirt,2026-10-10 00:17:40,FUNKY,4.0,1,1,1,1,0,0,12,2,0,0,0,5,10,1
POPWINGS,179,179.0,3.8,Amazon India,womens sweatshirt,2026-10-10 00:17:40,POPWINGS,3.8,1,1,1,1,0,0,8,1,0,0,0,5,32,1
GAP,"1,249",1249.0,4.0,Amazon India,womens sweatshirt,2026-10-10 00:17:40,Gap,4.0,1,1,1,1,0,0,3,1,0,0,0,5,11,2
NETCLICK,499,499.0,4.8,Amazon India,womens sweatshirt,2026-10-10 00:17:40,NETCLICK,4.8,1,1,1,1,0,0,8,1,0,0,0,5,29,2
