product_name,price_raw,price,rating,source,category,scraped_at
Max,189,189.0,4.0,Amazon India,mens plain tshirt,2026-10-10 23:44:57
Levi's,364,364.0,4.0,Amazon India,mens plain tshirt,2026-10-10 23:44:57
XENOVAURBAN,793,793.0,4.1,Amazon India,mens plain tshirt,2026-10-10 23:44:57
SLEEPY NUTS Men's Regular Fit Round-Neck Half Sleeves Solid Casual Wear T-Shirt,944,944.0,3.8,Amazon India,mens plain tshirt,2026-10-10 23:44:57
Van Heusen,359,359.0,4.0,Amazon India,mens plain tshirt,2026-10-10 23:44:57
LEOTUDE,268,268.0,3.6,Amazon India,mens plain tshirt,2026-10-10 23:44:57
Levi's,337,337.0,4.0,Amazon India,mens plain tshirt,2026-10-10 23:44:57
Leriya Fashion,639,639.0,3.8,Amazon India,mens plain tshirt,2026-10-10 23:44:57
Men’s Plain Polo Neck T-Shirt | Comfortable | Stylish Casual & Smart Wear | Half Sleeve | Regular Fi,299,299.0,3.9,Amazon India,mens plain tshirt,2026-10-10 23:44:57
Sleepynuts,944,944.0,3.8,Amazon India,mens plain tshirt,2026-10-10 23:44:57
Noble Monk,344,344.0,3.8,Amazon India,mens plain tshirt,2026-10-10 23:44:57
Levi's,376,376.0,4.0,Amazon India,mens plain tshirt,2026-10-10 23:44:57
Max,189,189.0,4.0,Amazon India,mens plain tshirt,2026-10-10 23:44:57
Amazon Brand - Symbol Men's Solid Cotton T Shirt | Round Neck | Half Sleeve | Plain-Regular Fit (Ava,249,249.0,4.0,Amazon India,mens plain tshirt,2026-10-10 23:44:57
Men’s Round Neck Plain Oversize T-Shirt – Casual Loose Fit Cotton Wear |,280,280.0,3.4,Amazon India,mens plain tshirt,2026-10-10 23:44:57
T Shirt For Man | Men T-Shirts | Tshirt For Man Solid Cotton Blend Half Sleeve Regular Men Round Nec,209,209.0,3.7,Amazon India,mens plain tshirt,2026-10-10 23:44:57
Amazon Brand - Symbol Men's Solid Cotton T Shirt | Round Neck | Half Sleeve | Plain-Regular Fit (Ava,449,449.0,4.0,Amazon India,mens plain tshirt,2026-10-10 23:44:57
Allen Solly,417,417.0,4.1,Amazon India,mens plain tshirt,2026-10-10 23:44:57
XENOVAURBAN,919,919.0,4.1,Amazon India,mens plain tshirt,2026-10-10 23:44:57
Jockey,509,509.0,4.2,Amazon India,mens plain tshirt,2026-10-10 23:44:57
BULLMER,426,426.0,3.4,Amazon India,mens plain tshirt,2026-10-10 23:44:57
Scott International,299,299.0,3.7,Amazon India,mens plain tshirt,2026-10-10 23:44:57
Hangout Hub,125,125.0,2.7,Amazon India,mens plain tshirt,2026-10-10 23:44:57
Reebok,699,699.0,3.9,Amazon India,mens plain tshirt,2026-10-10 23:44:57
CHKOKKO,338,338.0,3.7,Amazon India,mens plain tshirt,2026-10-10 23:44:57
BULLMER,426,426.0,3.4,Amazon India,mens round neck tshirt,2026-10-10 23:45:17
AUSK,184,184.0,3.3,Amazon India,mens round neck tshirt,2026-10-10 23:45:17
Lux Cozi,249,249.0,4.0,Amazon India,mens round neck tshirt,2026-10-10 23:45:17
Levi's,364,364.0,4.0,Amazon India,mens round neck tshirt,2026-10-10 23:45:17
LEOTUDE,268,268.0,3.9,Amazon India,mens round neck tshirt,2026-10-10 23:45:17
Trendy Printed Cotton Blend Crew Neck/Round Neck Half Sleeve Tshirt for Men,199,199.0,1.0,Amazon India,mens round neck tshirt,2026-10-10 23:45:17
Max,189,189.0,4.0,Amazon India,mens round neck tshirt,2026-10-10 23:45:17
Jack&Jones Men's Cotton Logo Print Slim Fit T-Shirt,395,395.0,3.7,Amazon India,mens round neck tshirt,2026-10-10 23:45:17
U.S. POLO ASSN.,475,475.0,3.8,Amazon India,mens round neck tshirt,2026-10-10 23:45:17
London Hills,250,250.0,3.4,Amazon India,mens round neck tshirt,2026-10-10 23:45:17
U.S. POLO ASSN.,397,397.0,4.0,Amazon India,mens round neck tshirt,2026-10-10 23:45:17
Amazon Brand - Symbol Men's Solid Cotton T Shirt | Round Neck | Half Sleeve | Plain-Regular Fit (Ava,149,149.0,4.0,Amazon India,mens round neck tshirt,2026-10-10 23:45:17
Max,189,189.0,4.0,Amazon India,mens round neck tshirt,2026-10-10 23:45:17
SLEEPY NUTS Men's Regular Fit Round-Neck Half Sleeves Solid Casual Wear T-Shirt,944,944.0,3.8,Amazon India,mens round neck tshirt,2026-10-10 23:45:17
Van Heusen,406,406.0,4.0,Amazon India,mens round neck tshirt,2026-10-10 23:45:17
Van Heusen,359,359.0,4.0,Amazon India,mens round neck tshirt,2026-10-10 23:45:17
U.S. POLO ASSN.,593,593.0,3.9,Amazon India,mens round neck tshirt,2026-10-10 23:45:17
U.S. POLO ASSN.,779,779.0,4.2,Amazon India,mens round neck tshirt,2026-10-10 23:45:17
FTX,362,362.0,3.8,Amazon India,mens round neck tshirt,2026-10-10 23:45:17
BULLMER,299,299.0,3.7,Amazon India,mens round neck tshirt,2026-10-10 23:45:17
Lymio,299,299.0,5.0,Amazon India,mens round neck tshirt,2026-10-10 23:45:17
Jockey,509,509.0,4.2,Amazon India,mens round neck tshirt,2026-10-10 23:45:17
T Shirt For Man | Men T-Shirts | Tshirt For Man Solid Cotton Blend Half Sleeve Regular Men Round Nec,209,209.0,3.7,Amazon India,mens round neck tshirt,2026-10-10 23:45:17
Dollar,133,133.0,2.9,Amazon India,mens round neck tshirt,2026-10-10 23:45:17
DAMENSCH,589,589.0,4.1,Amazon India,mens round neck tshirt,2026-10-10 23:45:17
BULLMER,426,426.0,3.4,Amazon India,mens cotton tshirt,2026-10-10 23:45:46
Allen Solly,417,417.0,4.1,Amazon India,mens cotton tshirt,2026-10-10 23:45:46
Lux Cozi,395,395.0,3.9,Amazon India,mens cotton tshirt,2026-10-10 23:45:46
Lux Cozi,259,259.0,4.0,Amazon India,mens cotton tshirt,2026-10-10 23:45:46
BULLMER,414,414.0,3.4,Amazon India,mens cotton tshirt,2026-10-10 23:45:46
Amazon Brand - Symbol Men's Cotton Rich Solid Polo Tshirt | Collar Tshirts | Half Sleeves | Plain-Re,329,329.0,3.9,Amazon India,mens cotton tshirt,2026-10-10 23:45:46
AUSK,199,199.0,3.6,Amazon India,mens cotton tshirt,2026-10-10 23:45:46
Peter England,505,505.0,4.0,Amazon India,mens cotton tshirt,2026-10-10 23:45:46
Men's Cotton Rich Polo T-Shirt with Crest Emblem,473,473.0,3.2,Amazon India,mens cotton tshirt,2026-10-10 23:45:46
Lymio,299,299.0,3.5,Amazon India,mens cotton tshirt,2026-10-10 23:45:46
Van Heusen,521,521.0,4.0,Amazon India,mens cotton tshirt,2026-10-10 23:45:46
Van Heusen,524,524.0,4.0,Amazon India,mens cotton tshirt,2026-10-10 23:45:46
Levi's,376,376.0,4.0,Amazon India,mens cotton tshirt,2026-10-10 23:45:46
Max,189,189.0,4.0,Amazon India,mens cotton tshirt,2026-10-10 23:45:46
Allen Solly,529,529.0,4.1,Amazon India,mens cotton tshirt,2026-10-10 23:45:46
Max,249,249.0,4.1,Amazon India,mens cotton tshirt,2026-10-10 23:45:46
"Polo T Shirt for Man with Pocket, Polo T Shirts for Men, Summer Shirt with Collar, Half Sleeve, Cott",284,284.0,3.5,Amazon India,mens cotton tshirt,2026-10-10 23:45:46
Allen Solly,539,539.0,4.1,Amazon India,mens cotton tshirt,2026-10-10 23:45:46
Lymio,349,349.0,3.5,Amazon India,mens cotton tshirt,2026-10-10 23:45:46
Louis Philippe,539,539.0,4.0,Amazon India,mens cotton tshirt,2026-10-10 23:45:46
Louis Philippe,720,720.0,4.0,Amazon India,mens cotton tshirt,2026-10-10 23:45:46
NOBERO,378,378.0,3.8,Amazon India,mens cotton tshirt,2026-10-10 23:45:46
Peter England,699,699.0,4.0,Amazon India,mens cotton tshirt,2026-10-10 23:45:46
AUSK,233,233.0,3.4,Amazon India,mens cotton tshirt,2026-10-10 23:45:46
Levi's,337,337.0,4.0,Amazon India,mens cotton tshirt,2026-10-10 23:45:46
AUSK,199,199.0,3.4,Amazon India,mens premium tshirt,2026-10-10 23:46:16
Louis Philippe,899,899.0,4.1,Amazon India,mens premium tshirt,2026-10-10 23:46:16
Men’s Polo T-Shirt with Contrast Collar | Premium Slim Fit Half Sleeve Casual Polo Tee,349,349.0,3.7,Amazon India,mens premium tshirt,2026-10-10 23:46:16
Allen Solly,417,417.0,4.1,Amazon India,mens premium tshirt,2026-10-10 23:46:16
Peter England,505,505.0,4.0,Amazon India,mens premium tshirt,2026-10-10 23:46:16
U.S. POLO ASSN.,"1,035",1035.0,3.9,Amazon India,mens premium tshirt,2026-10-10 23:46:16
Peter England,467,467.0,4.1,Amazon India,mens premium tshirt,2026-10-10 23:46:16
Peter England,699,699.0,4.0,Amazon India,mens premium tshirt,2026-10-10 23:46:16
boffi ...,234,234.0,3.4,Amazon India,mens premium tshirt,2026-10-10 23:46:16
Louis Philippe,699,699.0,4.0,Amazon India,mens premium tshirt,2026-10-10 23:46:16
Peter England,538,538.0,4.0,Amazon India,mens premium tshirt,2026-10-10 23:46:16
GRECIILOOKS,459,459.0,3.9,Amazon India,mens premium tshirt,2026-10-10 23:46:16
London Hills,250,250.0,3.4,Amazon India,mens premium tshirt,2026-10-10 23:46:16
Allen Solly,749,749.0,4.1,Amazon India,mens premium tshirt,2026-10-10 23:46:16
Louis Philippe,659,659.0,4.0,Amazon India,mens premium tshirt,2026-10-10 23:46:16
London Hills,369,369.0,3.8,Amazon India,mens premium tshirt,2026-10-10 23:46:16
GRECIILOOKS,449,449.0,4.0,Amazon India,mens premium tshirt,2026-10-10 23:46:16
Lymio,299,299.0,3.5,Amazon India,mens premium tshirt,2026-10-10 23:46:16
Peter England,549,549.0,4.0,Amazon India,mens premium tshirt,2026-10-10 23:46:16
Louis Philippe,644,644.0,4.0,Amazon India,mens premium tshirt,2026-10-10 23:46:16
DBAX,699,699.0,4.5,Amazon India,mens premium tshirt,2026-10-10 23:46:16
U.S. POLO ASSN.,953,953.0,4.1,Amazon India,mens premium tshirt,2026-10-10 23:46:16
Van Heusen,521,521.0,4.0,Amazon India,mens premium tshirt,2026-10-10 23:46:16
Men's Cotton Rich Polo T-Shirt with Crest Emblem,473,473.0,3.2,Amazon India,mens premium tshirt,2026-10-10 23:46:16
Symbol Premium,799,799.0,3.8,Amazon India,mens premium tshirt,2026-10-10 23:46:16
NETCLICK,499,499.0,4.8,Amazon India,womens hoodies,2026-10-10 23:47:09
Casual Solid Full Sleeves Stylish Winter Hooded Neck Fleece Zipper Hoodie for Women,498,498.0,3.7,Amazon India,womens hoodies,2026-10-10 23:47:09
Alan Jones Clothing,651,651.0,4.1,Amazon India,womens hoodies,2026-10-10 23:47:09
TAGAS,449,449.0,3.8,Amazon India,womens hoodies,2026-10-10 23:47:09
TAGAS,449,449.0,3.8,Amazon India,womens hoodies,2026-10-10 23:47:09
TAGAS,499,499.0,3.9,Amazon India,womens hoodies,2026-10-10 23:47:09
Boldfit,799,799.0,4.2,Amazon India,womens hoodies,2026-10-10 23:47:09
ADBUCKS,734,734.0,3.8,Amazon India,womens hoodies,2026-10-10 23:47:09
GAP,"1,249",1249.0,4.0,Amazon India,womens hoodies,2026-10-10 23:47:09
TAGAS,539,539.0,4.0,Amazon India,womens hoodies,2026-10-10 23:47:09
Allen Solly,810,810.0,4.1,Amazon India,womens hoodies,2026-10-10 23:47:09
Casual Solid Full Sleeves Stylish Winter Hooded Neck Fleece Zipper Hoodie for Women,499,499.0,3.7,Amazon India,womens hoodies,2026-10-10 23:47:09
Alan Jones Clothing,656,656.0,4.1,Amazon India,womens hoodies,2026-10-10 23:47:09
NETCLICK,499,499.0,4.8,Amazon India,womens hoodies,2026-10-10 23:47:09
PDK Fashion Solid Long Hooded Neck Hoodie Zipper Crop Jacket for Women's,499,499.0,4.0,Amazon India,womens hoodies,2026-10-10 23:47:09
FUNKY MONKEY,629,629.0,4.0,Amazon India,womens hoodies,2026-10-10 23:47:09
Mack Jonney,399,399.0,3.8,Amazon India,womens hoodies,2026-10-10 23:47:09
TAGAS,499,499.0,4.0,Amazon India,womens hoodies,2026-10-10 23:47:09
FUNKY MONKEY,629,629.0,4.0,Amazon India,womens hoodies,2026-10-10 23:47:09
DRAXSTAR,699,699.0,3.9,Amazon India,womens hoodies,2026-10-10 23:47:09
Leriya Fashion,429,429.0,4.8,Amazon India,womens hoodies,2026-10-10 23:47:09
DRAXSTAR,449,449.0,3.6,Amazon India,womens hoodies,2026-10-10 23:47:09
Alan Jones Clothing,684,684.0,4.1,Amazon India,womens hoodies,2026-10-10 23:47:09
NETCLICK,499,499.0,4.8,Amazon India,womens hoodies,2026-10-10 23:47:09
PUMA,"1,149",1149.0,4.0,Amazon India,womens hoodies,2026-10-10 23:47:09
Mack Jonney,418,418.0,,Amazon India,womens sweatshirt,2026-10-10 23:47:23
Alan Jones Clothing,651,651.0,4.1,Amazon India,womens sweatshirt,2026-10-10 23:47:23
Boldfit,799,799.0,4.2,Amazon India,womens sweatshirt,2026-10-10 23:47:23
TAGAS,419,419.0,3.8,Amazon India,womens sweatshirt,2026-10-10 23:47:23
Amazon Brand - Symbol Women's Cotton Crew Neck Sweatshirt (Available in Plus Sizes),379,379.0,4.0,Amazon India,womens sweatshirt,2026-10-10 23:47:23
GAP,"1,495",1495.0,4.1,Amazon India,womens sweatshirt,2026-10-10 23:47:23
Alan Jones Clothing,684,684.0,4.1,Amazon India,womens sweatshirt,2026-10-10 23:47:23
Women's Oversized Cotton Fleece Polo Sweatshirt Collared Pullover,480,480.0,3.4,Amazon India,womens sweatshirt,2026-10-10 23:47:23
DRAXSTAR,449,449.0,3.6,Amazon India,womens sweatshirt,2026-10-10 23:47:23
TAGAS,499,499.0,3.9,Amazon India,womens sweatshirt,2026-10-10 23:47:23
NETCLICK,499,499.0,4.8,Amazon India,womens sweatshirt,2026-10-10 23:47:23
NETCLICK,499,499.0,4.8,Amazon India,womens sweatshirt,2026-10-10 23:47:23
Mack Jonney,374,374.0,3.4,Amazon India,womens sweatshirt,2026-10-10 23:47:23
LUISSA,349,349.0,,Amazon India,womens sweatshirt,2026-10-10 23:47:23
Allen Solly,810,810.0,4.1,Amazon India,womens sweatshirt,2026-10-10 23:47:23
Women's Oversized Fleece Sweatshirt | Round Neck | Full Sleeve | Casual Pullover Sweatshirt for Wint,587,587.0,5.0,Amazon India,womens sweatshirt,2026-10-10 23:47:23
Zilcon,449,449.0,5.0,Amazon India,womens sweatshirt,2026-10-10 23:47:23
LEOTUDE,425,425.0,3.8,Amazon India,womens sweatshirt,2026-10-10 23:47:23
Mack Jonney,418,418.0,,Amazon India,womens sweatshirt,2026-10-10 23:47:23
Van Heusen,789,789.0,4.1,Amazon India,womens sweatshirt,2026-10-10 23:47:23
TAGAS,479,479.0,4.0,Amazon India,womens sweatshirt,2026-10-10 23:47:23
Leriya Fashion,489,489.0,4.8,Amazon India,womens sweatshirt,2026-10-10 23:47:23
GAP,"1,249",1249.0,4.0,Amazon India,womens sweatshirt,2026-10-10 23:47:23
Mack Jonney,371,371.0,,Amazon India,womens sweatshirt,2026-10-10 23:47:23
